Amp,Conc (fg/ul),Well,Well Position,Task,CT,Quantity
1,1.00E+06,15,B3,STANDARD,17.827,
1,1.00E+06,16,B4,STANDARD,17.858,
1,1.00E+05,27,C3,STANDARD,21.327,
1,1.00E+05,28,C4,STANDARD,21.314,
1,1.00E+04,39,D3,STANDARD,24.571,
1,1.00E+04,40,D4,STANDARD,24.798,
1,1.00E+03,51,E3,STANDARD,28.226,
1,1.00E+03,52,E4,STANDARD,28.184,
1,1.00E+02,63,F3,STANDARD,31.402,
1,1.00E+02,64,F4,STANDARD,31.948,
1,0.00E+00,75,G3,NTC,Undetermined,
1,0.00E+00,76,G4,NTC,Undetermined,
2,1.00E+06,14,B2,STANDARD,8.770,
2,1.00E+06,15,B3,STANDARD,8.830,
2,1.00E+05,26,C2,STANDARD,12.457,
2,1.00E+05,27,C3,STANDARD,12.572,
2,1.00E+04,38,D2,STANDARD,15.717,
2,1.00E+04,39,D3,STANDARD,15.664,
2,1.00E+03,50,E2,STANDARD,18.950,
2,1.00E+03,51,E3,STANDARD,18.975,
2,1.00E+02,62,F2,STANDARD,22.889,
2,1.00E+02,63,F3,STANDARD,22.831,
2,0.00E+00,74,G2,NTC,Undetermined,
2,0.00E+00,75,G3,NTC,Undetermined,
3,1.00E+06,16,B4,STANDARD,9.260,
3,1.00E+06,17,B5,STANDARD,9.215,
3,1.00E+05,28,C4,STANDARD,12.632,
3,1.00E+05,29,C5,STANDARD,12.618,
3,1.00E+04,40,D4,STANDARD,16.133,
3,1.00E+04,41,D5,STANDARD,16.150,
3,1.00E+03,52,E4,STANDARD,19.358,
3,1.00E+03,53,E5,STANDARD,16.121,
3,1.00E+02,64,F4,STANDARD,23.181,
3,1.00E+02,65,F5,STANDARD,23.133,
3,0.00E+00,76,G4,NTC,Undetermined,
3,0.00E+00,77,G5,NTC,Undetermined,
4,1.00E+06,18,B6,STANDARD,8.350,
4,1.00E+06,19,B7,STANDARD,8.450,
4,1.00E+05,30,C6,STANDARD,11.781,
4,1.00E+05,31,C7,STANDARD,11.846,
4,1.00E+04,42,D6,STANDARD,15.333,
4,1.00E+04,43,D7,STANDARD,15.319,
4,1.00E+03,54,E6,STANDARD,18.494,
4,1.00E+03,55,E7,STANDARD,18.517,
4,1.00E+02,66,F6,STANDARD,21.878,
4,1.00E+02,67,F7,STANDARD,21.860,
4,0.00E+00,78,G6,NTC,Undetermined,
4,0.00E+00,79,G7,NTC,Undetermined,
5,1.00E+06,20,B8,STANDARD,8.365,
5,1.00E+06,21,B9,STANDARD,8.507,
5,1.00E+05,32,C8,STANDARD,11.771,
5,1.00E+05,33,C9,STANDARD,11.977,
5,1.00E+04,44,D8,STANDARD,15.343,
5,1.00E+04,45,D9,STANDARD,15.358,
5,1.00E+03,56,E8,STANDARD,18.532,
5,1.00E+03,57,E9,STANDARD,18.698,
5,1.00E+02,68,F8,STANDARD,21.998,
5,1.00E+02,69,F9,STANDARD,22.002,
5,0.00E+00,80,G8,NTC,Undetermined,
5,0.00E+00,81,G9,NTC,Undetermined,
7,1.00E+06,22,B10,STANDARD,8.499,
7,1.00E+06,23,B11,STANDARD,8.545,
7,1.00E+05,34,C10,STANDARD,12.006,
7,1.00E+05,35,C11,STANDARD,12.068,
7,1.00E+04,46,D10,STANDARD,15.188,
7,1.00E+04,47,D11,STANDARD,15.185,
7,1.00E+03,58,E10,STANDARD,18.866,
7,1.00E+03,59,E11,STANDARD,18.940,
7,1.00E+02,70,F10,STANDARD,22.059,
7,1.00E+02,71,F11,STANDARD,22.063,
7,0.00E+00,82,G10,NTC,Undetermined,
7,0.00E+00,83,G11,NTC,Undetermined,
8,1.00E+06,17,B5,STANDARD,9.962,
8,1.00E+06,18,B6,STANDARD,10.028,
8,1.00E+05,29,C5,STANDARD,13.674,
8,1.00E+05,30,C6,STANDARD,13.634,
8,1.00E+04,41,D5,STANDARD,17.113,
8,1.00E+04,42,D6,STANDARD,17.074,
8,1.00E+03,53,E5,STANDARD,20.539,
8,1.00E+03,54,E6,STANDARD,20.512,
8,1.00E+02,65,F5,STANDARD,23.946,
8,1.00E+02,66,F6,STANDARD,23.871,
8,0.00E+00,77,G5,NTC,Undetermined,
8,0.00E+00,78,G6,NTC,Undetermined,
9,1.00E+06,19,B7,STANDARD,8.537,
9,1.00E+06,20,B8,STANDARD,8.524,
9,1.00E+05,31,C7,STANDARD,12.129,
9,1.00E+05,32,C8,STANDARD,12.125,
9,1.00E+04,43,D7,STANDARD,15.593,
9,1.00E+04,44,D8,STANDARD,15.527,
9,1.00E+03,55,E7,STANDARD,18.920,
9,1.00E+03,56,E8,STANDARD,18.937,
9,1.00E+02,67,F7,STANDARD,22.311,
9,1.00E+02,68,F8,STANDARD,22.300,
9,0.00E+00,79,G7,NTC,Undetermined,
9,0.00E+00,80,G8,NTC,Undetermined,
10,1.00E+06,21,B9,STANDARD,8.483,
10,1.00E+06,22,B10,STANDARD,8.874,
10,1.00E+05,33,C9,STANDARD,12.581,
10,1.00E+05,34,C10,STANDARD,11.904,
10,1.00E+04,45,D9,STANDARD,15.536,
10,1.00E+04,46,D10,STANDARD,15.748,
10,1.00E+03,57,E9,STANDARD,18.870,
10,1.00E+03,58,E10,STANDARD,18.948,
10,1.00E+02,69,F9,STANDARD,22.273,
10,1.00E+02,70,F10,STANDARD,22.522,
10,0.00E+00,81,G9,NTC,Undetermined,
10,0.00E+00,82,G10,NTC,Undetermined,
